run,batch,topics,live,dormant,match_previous,new_stable_id,new_id_lost_one_to_one,carried_forward,retired_stale,retired_idle,dedupe_centroid,dedupe_label,dedupe_capacity,old_id_merged_into_new,ids_lost_vs_prev,brand_switches,mis_tagged_topics,live_pairs_ge_092,live_pairs_085_092,live_pairs_080_085,identical_label_pairs,dormant_shadowing_live
before,1,440,365,75,129,0,0,300,0,3,4,5,0,0,12,22,0,0,19,27,5,0
before,2,474,403,71,153,0,0,287,0,0,5,1,0,0,6,14,0,0,25,39,9,0
before,3,507,441,66,215,0,0,259,0,0,3,5,0,0,7,34,0,0,17,50,11,0
before,4,549,484,65,239,0,0,268,0,0,1,3,0,0,4,24,0,0,23,56,14,0
before,5,581,516,65,216,0,0,333,0,0,1,1,0,0,2,17,0,0,31,78,20,0
before,6,594,594,0,209,0,0,372,0,6,2,6,18,4,32,12,0,0,47,95,18,0
after,1,453,375,78,127,2,1,304,0,3,0,4,0,0,7,0,0,0,17,27,19,0
after,2,495,417,78,151,2,2,302,0,0,1,1,0,0,1,0,0,0,30,44,20,0
after,3,521,443,78,208,7,5,287,0,0,2,5,0,0,7,0,0,1,34,47,10,0
after,4,565,487,78,235,4,3,286,0,0,2,2,0,0,4,0,0,3,37,55,13,0
after,5,595,517,78,216,0,0,349,0,0,3,3,0,0,5,0,0,2,40,73,14,0
after,6,600,600,0,208,1,1,387,0,7,3,0,37,0,45,0,0,1,10,86,17,0
