arm,batch,window_records,entries,unique_ids,duplicate_ids,phantom_slots_pct,own_brand_pct,mis_tagged_topics,last_seen_future,unassigned_window_pct,unassigned_holdout_pct,inflation,live_topics,records_per_live_topic,median_size,reference_corpus_docs,window_corpus_docs,vol_<=100_pct,npmi_<=100,vol_101-300_pct,npmi_101-300,vol_301-1000_pct,npmi_301-1000,vol_1000+_pct,npmi_1000+,C_v,C_npmi,C_npmi_size_weighted,alerts,alerts_neg_npmi,alerts_not_substantive,gap_is_junk,gap_not_substantive,gap_suppressed,kept_vol_pct,kept_C_npmi,kept_C_v,unclear_topics,campaign_topics,events,recall,topics_for_80,dup_identical,dup_wordset,dup_label_085,dup_overlap,p8_merges,max_absorbed_by_one,llm_tokens,llm_calls,t_total,T8_T11,id_retention,id_retention_alias,brand_switches,judged_merges,judged_same,groups,groups_with_unclear,groups_no_shared_word
baseline,base,19820,92,92,0,0.0,100.0,0,0,34.78,34.78,1.4,92,215.4,163,20007,,8.8,-0.138,45.7,0.009,45.4,0.15,0.0,,0.4717,-0.0099,0.0732,2,0,0,0.324,0.324,0.327,84.9,0.0845,0.5159,12,0,10/10,0.721,2.2,2,3,12,6,0,0,116224,92,35.44,separate: Flight cancellations and delays / Flight delays and cancellations,,,,,,,,
baseline,s1,4892,94,94,0,0.0,100.0,0,0,34.85,34.85,1.45,82,59.7,22,29627,,42.0,-0.079,25.0,0.111,33.0,0.15,0.0,,0.4073,-0.0546,0.0518,1,0,0,0.049,0.138,0.192,58.3,0.0812,0.5287,9,0,6/10,0.791,1.5,1,2,9,17,1,1,22811,19,25.89,,0.9891,0.9891,0.0,,,,,
baseline,s2,9784,110,110,0,0.0,100.0,0,0,23.1,11.75,1.38,98,99.8,44,29627,,29.0,-0.087,25.3,0.125,30.3,0.162,15.3,0.195,0.429,-0.036,0.094,1,0,0,0.195,0.219,0.239,65.4,0.1192,0.5672,17,0,6/10,0.718,1.83,1,2,9,17,1,1,29624,24,34.81,,0.9894,0.9894,0.0,,,,,
baseline,s3,14684,128,128,0,0.0,100.0,0,0,24.52,11.94,1.48,116,126.6,67,29627,,19.7,-0.124,25.5,0.114,36.5,0.092,18.2,0.119,0.4405,-0.046,0.066,0,0,0,0.161,0.228,0.269,76.2,0.0955,0.5533,19,1,8/10,0.768,1.5,1,2,13,17,1,1,44657,36,46.37,,0.9909,0.9909,0.0,,,,,
baseline,s4,14684,139,139,0,0.0,100.0,0,0,20.57,7.77,1.54,127,115.6,67,29627,,20.9,-0.106,29.4,0.059,35.9,0.116,13.7,0.155,0.4272,-0.0424,0.0633,0,0,0,0.184,0.245,0.229,80.3,0.0574,0.5155,18,1,7/10,0.646,2.14,4,5,16,21,0,0,40300,32,44.25,,1.0,1.0,0.0,,,,,
baseline,s5,14679,146,146,0,0.0,100.0,0,0,19.48,5.73,1.55,134,109.5,62,29627,,20.7,-0.083,27.7,0.082,39.0,0.093,12.6,0.152,0.4249,-0.0241,0.0598,6,0,0,0.185,0.21,0.234,77.5,0.0772,0.5138,17,0,8/10,0.703,2.12,5,6,19,23,0,0,41230,32,43.88,,1.0,1.0,0.0,,,,,
baseline,s6,14672,159,159,0,0.0,100.0,0,0,19.89,9.4,1.58,159,92.3,47,29627,,19.9,-0.087,28.8,0.097,43.3,0.079,8.0,0.075,0.4129,-0.0301,0.0509,2,0,0,0.24,0.176,0.212,78.0,0.0644,0.4937,19,1,9/10,0.746,1.89,5,5,23,24,0,0,53564,42,47.19,,0.9863,0.9863,0.0,,,,,
wordset,base,19820,91,91,0,0.0,100.0,0,0,34.78,34.78,1.38,91,217.8,160,20007,,9.0,-0.141,46.4,0.009,44.6,0.149,0.0,,0.4699,-0.0131,0.0715,2,0,0,0.321,0.331,0.329,84.7,0.0831,0.513,13,0,10/10,0.721,2.2,1,1,7,6,1,1,116255,92,40.45,merged,,,,1.0,1.0,,,
wordset,s1,4892,93,93,0,0.0,100.0,0,0,34.93,34.93,1.44,81,60.4,22,29627,,41.6,-0.077,25.2,0.115,33.2,0.15,0.0,,0.4064,-0.0524,0.0537,1,0,0,0.05,0.135,0.19,58.6,0.0812,0.5287,11,0,6/10,0.791,1.5,0,0,5,15,1,1,24119,20,27.82,,0.989,0.989,0.0,,,,,
wordset,s2,9784,109,109,0,0.0,100.0,0,0,23.04,11.55,1.38,97,100.9,44,29627,,28.5,-0.089,22.8,0.109,33.4,0.162,15.4,0.195,0.4246,-0.0388,0.0916,1,0,0,0.191,0.218,0.249,68.5,0.1196,0.5648,19,0,6/10,0.718,1.83,1,1,6,16,0,0,30869,25,36.23,,1.0,1.0,0.0,,,,,
wordset,s3,14684,128,128,0,0.0,100.0,0,0,24.58,11.8,1.48,116,126.6,65,29627,,20.1,-0.12,25.0,0.118,36.6,0.092,18.2,0.119,0.4388,-0.045,0.0671,0,0,0,0.168,0.199,0.253,75.9,0.0903,0.557,23,1,8/10,0.768,1.5,1,1,6,17,1,1,48474,39,47.14,,0.9908,0.9908,0.0,,,,,
wordset,s4,14684,140,140,0,0.0,100.0,0,0,20.58,7.83,1.54,128,114.7,62,29627,,21.1,-0.114,29.2,0.062,35.9,0.117,13.8,0.155,0.4268,-0.049,0.0619,0,0,0,0.166,0.217,0.233,80.5,0.0538,0.5188,18,1,7/10,0.648,2.14,3,3,11,20,1,1,47944,38,46.43,,0.9922,0.9922,0.0,,,,,
wordset,s5,14679,151,151,0,0.0,100.0,0,0,19.67,6.69,1.55,139,105.6,58,29627,,20.8,-0.094,27.5,0.084,39.1,0.093,12.7,0.152,0.4139,-0.0331,0.0595,4,0,0,0.172,0.198,0.23,77.2,0.071,0.5065,19,0,8/10,0.704,2.25,5,5,19,22,0,0,45394,36,44.13,,1.0,1.0,0.0,,,,,
wordset,s6,14672,164,164,0,0.0,100.0,0,0,19.03,8.03,1.58,164,89.5,41,29627,,20.6,-0.093,28.3,0.093,43.1,0.081,8.0,0.075,0.4051,-0.0383,0.0483,4,0,0,0.233,0.169,0.191,77.7,0.0485,0.4887,18,1,9/10,0.744,1.89,5,5,30,28,1,1,58549,46,47.27,,0.9868,0.9868,0.0,,,,,
semantic,base,19820,90,90,0,0.0,100.0,0,0,34.78,34.78,1.37,90,220.2,150,20007,,9.0,-0.143,46.8,0.009,44.2,0.15,0.0,,0.4684,-0.0151,0.0718,2,0,0,0.319,0.322,0.314,82.9,0.0813,0.5132,14,0,10/10,0.723,2.2,2,2,7,6,2,1,116171,92,36.93,merged,,,,2.0,2.0,,,
semantic,s1,4892,91,91,0,0.0,100.0,0,0,34.98,34.98,1.44,79,61.9,22,29627,,41.3,-0.073,25.4,0.106,33.3,0.147,0.0,,0.4067,-0.0486,0.0545,1,0,0,0.04,0.139,0.179,58.6,0.0759,0.5209,10,0,6/10,0.791,1.5,1,1,6,14,2,1,22615,19,25.89,,0.9778,0.9778,0.0,,,,,
semantic,s2,9784,104,104,0,0.0,100.0,0,0,23.06,11.51,1.38,92,106.3,45,29627,,26.4,-0.095,24.5,0.116,33.6,0.162,15.4,0.176,0.427,-0.0373,0.0908,1,0,0,0.184,0.206,0.246,69.0,0.1166,0.5633,16,0,6/10,0.72,1.67,0,0,5,14,1,1,25761,21,35.69,,0.989,0.989,0.0,,,,,
semantic,s3,14684,121,121,0,0.0,100.0,0,0,24.8,11.9,1.47,109,134.7,68,29627,,18.8,-0.12,25.5,0.115,37.3,0.09,18.4,0.119,0.4476,-0.0404,0.0681,0,0,0,0.182,0.234,0.292,75.8,0.123,0.5717,22,1,8/10,0.768,1.5,0,0,6,17,1,1,40609,33,46.17,,0.9904,0.9904,0.0,,,,,
semantic,s4,14684,132,132,0,0.0,100.0,0,0,20.9,7.93,1.52,120,122.4,67,29627,,19.6,-0.104,30.0,0.067,36.5,0.117,14.0,0.155,0.4286,-0.037,0.0695,0,0,0,0.18,0.244,0.224,81.4,0.0572,0.5178,17,1,7/10,0.648,2.14,3,3,9,21,2,1,44203,35,45.59,,0.9835,0.9835,0.0,,,,,
semantic,s5,14679,141,141,0,0.0,100.0,0,0,20.25,7.2,1.55,129,113.8,63,29627,,20.0,-0.082,27.5,0.084,39.6,0.099,12.8,0.142,0.423,-0.0216,0.0656,4,0,0,0.172,0.201,0.229,77.3,0.0832,0.5239,21,0,8/10,0.704,2.12,3,3,11,23,0,0,40570,32,44.75,,1.0,1.0,0.0,,,,,
semantic,s6,14672,153,153,0,0.0,100.0,0,0,19.89,9.67,1.57,153,95.9,44,29627,,18.8,-0.091,29.0,0.096,44.1,0.082,8.1,0.075,0.4115,-0.032,0.0525,3,0,0,0.249,0.185,0.21,78.0,0.0641,0.4998,24,1,9/10,0.746,1.78,3,3,10,21,1,1,59641,47,48.75,,0.9787,0.9787,0.0,,,,,
overlap,base,19820,85,85,0,0.0,100.0,0,0,34.78,34.78,1.3,85,233.2,135,20007,,9.5,-0.137,42.6,0.001,47.9,0.154,0.0,,0.4725,-0.0178,0.073,2,0,0,0.315,0.325,0.329,83.7,0.0853,0.5192,12,0,10/10,0.724,2.2,2,2,8,3,7,2,108467,86,36.65,merged,,,,7.0,5.0,,,
overlap,s1,4892,74,74,0,0.0,100.0,0,0,35.43,35.43,1.24,63,77.7,22,29627,,39.0,-0.089,17.3,0.028,43.7,0.147,0.0,,0.3895,-0.0701,0.044,1,0,0,0.037,0.129,0.142,55.5,0.0356,0.4776,9,0,6/10,0.801,1.5,1,1,6,1,15,4,20537,17,25.38,,0.8353,0.8353,0.0,,,,,
overlap,s2,9784,81,81,0,0.0,100.0,0,0,24.71,12.92,1.18,70,139.8,43,29627,,23.3,-0.11,18.7,0.052,25.5,0.134,32.5,0.201,0.4157,-0.0597,0.0889,1,0,0,0.136,0.195,0.224,67.3,0.0893,0.5513,13,0,6/10,0.771,1.67,1,1,6,0,9,3,26125,21,35.61,,0.9054,0.9054,0.0,,,,,
overlap,s3,14684,90,90,0,0.0,100.0,0,0,25.01,9.47,1.25,79,185.9,71,29627,,17.6,-0.149,19.7,0.101,36.1,0.083,26.6,0.132,0.4435,-0.0615,0.0675,1,0,0,0.189,0.216,0.284,73.6,0.093,0.5566,16,1,8/10,0.819,1.38,1,1,7,1,8,2,38783,31,45.22,,0.9136,0.9136,0.0,,,,,
overlap,s4,14684,92,92,0,0.0,100.0,0,0,24.0,9.14,1.33,81,181.3,74,29627,,15.1,-0.136,26.9,0.089,37.3,0.102,20.7,0.14,0.437,-0.0446,0.0806,2,1,0,0.22,0.276,0.286,82.5,0.0863,0.5354,14,1,7/10,0.771,1.71,1,1,6,1,7,2,33224,26,44.2,,0.9222,0.9222,0.0,,,,,
overlap,s5,14679,93,93,0,0.0,100.0,0,0,23.7,10.54,1.32,82,179.0,82,29627,,12.7,-0.125,30.6,0.08,34.3,0.102,22.4,0.133,0.4411,-0.0286,0.078,5,0,0,0.233,0.217,0.237,78.8,0.0928,0.5498,14,0,8/10,0.756,2.25,1,1,4,0,10,2,26220,21,44.3,,0.9239,0.9239,0.0,,,,,
overlap,s6,14672,103,103,0,0.0,100.0,0,0,22.2,9.16,1.34,103,142.4,52,29627,,14.2,-0.102,27.2,0.08,37.3,0.131,21.3,0.147,0.4295,-0.0286,0.0781,2,0,0,0.223,0.253,0.248,77.3,0.0846,0.5182,19,0,9/10,0.798,1.78,1,1,5,1,9,2,49792,39,46.6,,0.9032,0.9032,0.0,,,,,
review,base,19820,85,85,0,0.0,100.0,0,0,34.78,34.78,1.3,85,233.2,136,20007,,9.5,-0.138,43.9,-0.002,46.6,0.159,0.0,,0.468,-0.0208,0.0717,2,0,0,0.316,0.322,0.32,84.0,0.0757,0.5112,13,0,10/10,0.726,2.2,1,1,5,7,7,2,135302,109,38.51,merged,,,,,,,,
review,s1,4892,79,79,0,0.0,100.0,0,0,35.59,35.59,1.26,68,71.9,21,29627,,40.4,-0.085,16.7,0.046,42.9,0.147,0.0,,0.3866,-0.0673,0.0421,1,0,0,0.052,0.145,0.182,60.0,0.0638,0.5117,10,0,6/10,0.801,1.5,0,0,4,8,10,3,47542,42,30.7,,0.8941,0.8941,0.0,,,,,
review,s2,9784,89,89,0,0.0,100.0,0,0,24.23,12.47,1.24,78,125.4,45,29627,,24.5,-0.107,25.7,0.089,20.2,0.129,29.6,0.201,0.4274,-0.0514,0.09,1,0,0,0.141,0.208,0.258,68.3,0.1125,0.574,17,0,6/10,0.741,1.67,1,1,5,4,8,2,50516,43,40.34,,0.9114,0.9114,0.0,,,,,
review,s3,14684,103,103,0,0.0,100.0,0,0,25.12,10.63,1.3,92,159.6,68,29627,,19.2,-0.142,21.2,0.106,34.2,0.087,25.4,0.138,0.4312,-0.0623,0.0666,1,0,0,0.173,0.219,0.286,75.4,0.0991,0.5568,21,1,8/10,0.821,1.38,2,2,6,6,5,2,60388,50,51.38,,0.9438,0.9438,0.0,,,,,
review,s4,14684,104,104,0,0.0,100.0,0,0,22.64,8.73,1.39,93,157.9,74,29627,,15.5,-0.126,25.5,0.061,41.2,0.105,17.9,0.14,0.4335,-0.0437,0.073,2,1,0,0.176,0.258,0.271,83.0,0.0815,0.5428,16,1,7/10,0.764,1.71,1,1,9,5,8,1,65373,55,49.09,,0.9223,0.9223,0.0,,,,,
review,s5,14679,108,108,0,0.0,100.0,0,0,21.89,7.49,1.38,97,151.3,68,29627,,15.8,-0.107,25.9,0.071,38.8,0.106,19.4,0.156,0.4315,-0.0311,0.0794,4,0,0,0.209,0.203,0.227,82.5,0.074,0.5335,16,0,8/10,0.753,2.12,1,1,10,5,9,1,68610,57,48.85,,0.9231,0.9231,0.0,,,,,
review,s6,14672,108,108,0,0.0,100.0,0,0,21.15,7.52,1.35,108,135.9,48,29627,,15.6,-0.088,27.9,0.075,34.6,0.099,21.9,0.146,0.422,-0.0294,0.0711,2,0,0,0.233,0.211,0.215,84.1,0.06,0.4998,12,0,9/10,0.799,1.78,1,1,9,7,11,2,88177,71,55.07,,0.8889,0.8889,0.0,,,,,
disamb,base,19820,92,92,0,0.0,100.0,0,0,34.78,34.78,1.4,92,215.4,163,20007,,8.8,-0.138,45.7,0.009,45.4,0.15,0.0,,0.4717,-0.0099,0.0732,2,0,0,0.324,0.328,0.327,84.9,0.0845,0.5159,14,0,10/10,0.721,2.2,0,0,2,6,0,0,123719,99,39.21,separate: Flight cancellations with boarding and seating issues / Flight delays causing missed connections and rebooking problems,,,,,,,,
disamb,s1,4892,95,95,0,0.0,100.0,0,0,34.85,34.85,1.45,83,58.9,22,29627,,42.1,-0.08,24.9,0.108,32.9,0.15,0.0,,0.4072,-0.0561,0.0505,1,0,0,0.047,0.112,0.183,58.5,0.072,0.5186,13,0,6/10,0.791,1.5,0,0,0,11,0,0,27408,23,27.74,,1.0,1.0,0.0,,,,,
disamb,s2,9784,112,112,0,0.0,100.0,0,0,23.06,11.69,1.39,100,97.8,43,29627,,29.3,-0.09,25.2,0.124,30.2,0.162,15.3,0.195,0.4265,-0.0397,0.0923,1,0,0,0.201,0.222,0.235,65.2,0.1121,0.5587,19,0,6/10,0.718,1.83,0,0,0,18,0,0,35162,29,38.38,,1.0,1.0,0.0,,,,,
disamb,s3,14684,132,132,0,0.0,100.0,0,0,24.44,11.94,1.49,120,122.4,63,29627,,20.3,-0.122,25.3,0.106,36.3,0.092,18.1,0.119,0.4308,-0.0489,0.0647,0,0,0,0.153,0.22,0.264,75.4,0.0941,0.5474,23,1,8/10,0.768,1.5,0,0,0,19,0,0,48526,39,47.03,,1.0,1.0,0.0,,,,,
disamb,s4,14684,144,144,0,0.0,100.0,0,0,20.37,7.67,1.54,132,111.2,62,29627,,21.5,-0.116,29.1,0.058,35.7,0.116,13.7,0.155,0.4228,-0.0519,0.0601,0,0,0,0.176,0.245,0.249,77.6,0.0658,0.5189,19,1,7/10,0.646,2.14,0,0,0,23,0,0,46310,37,47.65,,1.0,1.0,0.0,,,,,
disamb,s5,14679,152,152,0,0.0,100.0,0,0,19.44,6.24,1.56,140,104.8,60,29627,,21.3,-0.091,27.3,0.084,38.8,0.093,12.6,0.152,0.4201,-0.0317,0.0584,6,0,0,0.175,0.208,0.233,77.5,0.0732,0.5104,19,0,8/10,0.702,2.25,0,0,1,23,0,0,45640,37,48.48,,1.0,1.0,0.0,,,,,
disamb,s6,14672,164,164,0,0.0,100.0,0,0,19.65,9.26,1.59,164,89.5,43,29627,,20.5,-0.093,28.5,0.096,43.0,0.079,8.0,0.075,0.4065,-0.0363,0.0484,2,0,0,0.231,0.187,0.208,77.3,0.0615,0.4956,21,1,9/10,0.745,1.89,0,0,0,28,0,0,57940,46,50.04,,0.9868,0.9868,0.0,,,,,
groups,base,19820,92,92,0,0.0,100.0,0,0,34.78,34.78,1.4,92,215.4,163,20007,,8.8,-0.138,45.7,0.009,45.4,0.15,0.0,,0.4717,-0.0099,0.0732,2,0,0,0.324,0.316,0.327,84.9,0.0845,0.5159,13,0,10/10,0.721,2.2,1,2,10,6,0,0,116205,92,36.23,separate: Flight cancellations and delays / Flight delays and cancellations,,,,,,7.0,1.0,2.0
groups,s1,4892,94,94,0,0.0,100.0,0,0,34.85,34.85,1.45,82,59.7,22,29627,,42.0,-0.079,25.0,0.111,33.0,0.15,0.0,,0.4073,-0.0546,0.0518,1,0,0,0.049,0.145,0.186,58.4,0.0772,0.5275,10,0,6/10,0.791,1.5,0,1,8,17,1,1,24075,20,25.22,,0.9891,0.9891,0.0,,,7.0,1.0,4.0
groups,s2,9784,111,111,0,0.0,100.0,0,0,23.1,11.75,1.39,99,98.8,44,29627,,29.1,-0.087,25.2,0.124,30.3,0.162,15.3,0.195,0.427,-0.0366,0.0936,1,0,0,0.191,0.213,0.239,65.2,0.1192,0.5672,18,0,6/10,0.718,1.83,1,2,9,17,0,0,30916,25,36.92,,1.0,1.0,0.0,,,13.0,8.0,9.0
groups,s3,14684,130,130,0,0.0,100.0,0,0,24.47,11.94,1.49,118,124.4,65,29627,,20.0,-0.12,25.4,0.111,36.4,0.092,18.2,0.119,0.4375,-0.0452,0.0667,0,0,0,0.154,0.217,0.272,75.6,0.1021,0.5545,22,1,8/10,0.768,1.5,1,2,13,17,1,1,47234,38,47.35,,0.991,0.991,0.0,,,18.0,8.0,11.0
groups,s4,14684,142,142,0,0.0,100.0,0,0,20.46,7.75,1.54,130,113.0,64,29627,,21.3,-0.112,29.2,0.058,35.8,0.116,13.7,0.155,0.4247,-0.0483,0.0612,0,0,0,0.174,0.235,0.239,78.2,0.061,0.5178,19,1,7/10,0.646,2.14,2,3,15,21,0,0,44100,35,44.62,,1.0,1.0,0.0,,,20.0,5.0,9.0
groups,s5,14679,149,149,0,0.0,100.0,0,0,19.2,5.44,1.55,137,107.1,61,29627,,21.1,-0.096,27.5,0.083,38.8,0.093,12.6,0.152,0.4241,-0.0339,0.0565,6,0,0,0.192,0.219,0.244,77.5,0.071,0.5065,18,0,8/10,0.702,2.25,2,3,19,23,1,1,41787,33,44.91,,1.0,1.0,0.0,,,20.0,4.0,10.0
groups,s6,14672,162,162,0,0.0,100.0,0,0,19.83,9.42,1.59,162,90.6,41,29627,,20.2,-0.089,28.6,0.096,43.2,0.079,8.0,0.075,0.4075,-0.0327,0.05,3,0,0,0.224,0.179,0.2,77.2,0.06,0.4971,23,1,9/10,0.745,1.89,2,2,26,26,0,0,54679,43,58.17,,0.9866,0.9866,0.0,,,24.0,5.0,13.0
aliases,base,19820,85,85,0,0.0,100.0,0,0,34.78,34.78,1.3,85,233.2,135,20007,,9.5,-0.137,42.6,0.001,47.9,0.154,0.0,,0.4725,-0.0178,0.073,2,0,0,0.315,0.331,0.342,86.7,0.0851,0.5168,12,0,10/10,0.724,2.2,2,2,9,3,7,2,108461,86,34.65,merged,,,,7.0,5.0,,,
aliases,s1,4892,74,74,0,0.0,100.0,0,0,35.43,35.43,1.24,63,77.7,22,29627,,39.0,-0.089,17.3,0.028,43.7,0.147,0.0,,0.3895,-0.0701,0.044,1,0,0,0.037,0.158,0.142,55.5,0.0356,0.4776,9,0,6/10,0.801,1.5,1,1,7,2,15,4,20738,17,26.33,,0.8353,1.0,0.0,,,,,
aliases,s2,9784,81,81,0,0.0,100.0,0,0,24.71,12.92,1.18,70,139.8,43,29627,,23.3,-0.11,18.7,0.052,25.5,0.134,32.5,0.201,0.4157,-0.0597,0.0889,1,0,0,0.136,0.189,0.229,67.0,0.0961,0.5623,13,0,6/10,0.771,1.67,0,0,6,0,9,3,26141,21,36.52,,0.9054,1.0,0.0,,,,,
aliases,s3,14684,90,90,0,0.0,100.0,0,0,25.01,9.47,1.25,79,185.9,71,29627,,17.6,-0.149,19.7,0.101,36.1,0.083,26.6,0.132,0.4435,-0.0615,0.0675,1,0,0,0.189,0.199,0.273,73.6,0.0906,0.5491,18,1,8/10,0.819,1.38,0,0,6,1,8,2,40065,32,45.37,,0.9136,1.0,0.0,,,,,
aliases,s4,14684,92,92,0,0.0,100.0,0,0,24.0,9.14,1.33,81,181.3,74,29627,,15.1,-0.136,26.9,0.089,37.3,0.102,20.7,0.14,0.437,-0.0446,0.0806,2,1,0,0.22,0.263,0.271,83.1,0.0759,0.5338,14,1,7/10,0.771,1.71,0,0,5,1,7,2,35821,28,44.31,,0.9222,1.0,0.0,,,,,
aliases,s5,14679,93,93,0,0.0,100.0,0,0,23.7,10.54,1.32,82,179.0,82,29627,,12.7,-0.125,30.6,0.08,34.3,0.102,22.4,0.133,0.4411,-0.0286,0.078,5,0,0,0.233,0.223,0.237,78.8,0.0928,0.5498,13,0,8/10,0.756,2.25,0,0,4,0,10,2,26187,21,53.69,,0.9239,1.0,0.0,,,,,
aliases,s6,14672,103,103,0,0.0,100.0,0,0,22.2,9.16,1.34,103,142.4,52,29627,,14.2,-0.102,27.2,0.08,37.3,0.131,21.3,0.147,0.4295,-0.0286,0.0781,2,0,0,0.248,0.26,0.271,76.9,0.1004,0.5275,20,0,9/10,0.798,1.78,0,0,4,1,9,2,48486,38,45.66,,0.9032,0.9785,0.0,,,,,
combo,base,19820,86,86,0,0.0,100.0,0,0,34.78,34.78,1.33,86,230.5,138,20007,,9.3,-0.139,44.9,0.001,45.8,0.159,0.0,,0.4673,-0.0194,0.0723,2,0,0,0.317,0.309,0.315,82.4,0.0818,0.5145,12,0,10/10,0.726,2.2,0,0,0,7,6,2,140570,114,41.84,merged,,,,,,,,
combo,s1,4892,82,82,0,0.0,100.0,0,0,35.59,35.59,1.35,70,69.9,23,29627,,38.5,-0.08,23.9,0.096,37.6,0.147,0.0,,0.3987,-0.055,0.0534,1,0,0,0.038,0.139,0.178,58.2,0.0724,0.5203,10,0,6/10,0.799,1.5,0,0,0,11,8,2,46836,42,31.03,,0.907,1.0,0.0,,,,,
combo,s2,9784,96,96,0,0.0,100.0,0,0,23.45,11.73,1.32,84,116.5,48,29627,,25.9,-0.113,24.6,0.126,33.2,0.16,16.2,0.178,0.4332,-0.0496,0.0919,1,0,0,0.168,0.232,0.269,67.7,0.1251,0.576,18,0,6/10,0.739,1.67,0,0,0,8,3,1,46543,41,41.59,,0.9756,1.0,0.0,,,,,
combo,s3,14684,108,108,0,0.0,100.0,0,0,24.89,10.69,1.38,96,153.0,69,29627,,17.6,-0.139,21.3,0.104,40.2,0.107,20.9,0.138,0.4392,-0.0517,0.0777,2,0,0,0.18,0.232,0.268,76.3,0.0936,0.5639,25,1,8/10,0.8,1.38,0,0,0,9,8,1,70505,60,53.82,,0.9167,1.0,0.0,,,,,
combo,s4,14684,113,113,0,0.0,100.0,0,0,22.25,8.81,1.42,101,145.4,71,29627,,16.3,-0.138,24.9,0.063,42.5,0.093,16.4,0.14,0.43,-0.0569,0.0687,1,1,0,0.208,0.245,0.261,83.1,0.0699,0.5431,23,1,7/10,0.718,1.86,0,0,0,9,7,1,74560,63,52.41,,0.9352,1.0,0.0,,,,,
combo,s5,14679,115,115,0,0.0,100.0,0,0,21.16,6.55,1.4,103,142.5,64,29627,,17.0,-0.119,25.8,0.082,39.3,0.116,17.9,0.138,0.4289,-0.0397,0.0725,4,1,0,0.197,0.238,0.233,80.9,0.0755,0.5352,20,0,8/10,0.726,2.25,0,0,0,7,11,2,77664,65,52.48,,0.9204,1.0,0.0,,,,,
combo,s6,14672,126,126,0,0.0,100.0,0,0,21.52,9.14,1.48,126,116.4,54,29627,,15.1,-0.104,32.4,0.073,40.4,0.126,12.1,0.075,0.4213,-0.0326,0.0704,2,0,0,0.203,0.212,0.22,83.8,0.0648,0.5065,21,0,9/10,0.789,1.78,0,0,1,16,3,2,85554,69,53.37,,0.9565,0.9826,0.0,,,,,
combo_cheap,base,19820,85,85,0,0.0,100.0,0,0,34.78,34.78,1.3,85,233.2,135,20007,,9.5,-0.138,44.1,-0.001,46.4,0.159,0.0,,0.4688,-0.0202,0.0717,2,0,0,0.317,0.318,0.321,84.0,0.0766,0.5123,10,0,10/10,0.726,2.2,0,0,1,5,7,2,114554,92,40.01,merged,,,,7.0,6.0,,,
combo_cheap,s1,4892,78,78,0,0.0,100.0,0,0,35.34,35.34,1.34,67,73.0,22,29627,,37.0,-0.085,25.8,0.107,37.2,0.147,0.0,,0.3996,-0.0575,0.0585,1,0,0,0.05,0.157,0.172,58.2,0.068,0.5186,8,0,6/10,0.793,1.5,0,0,0,7,11,2,19218,16,27.0,,0.8824,1.0,0.0,,,,,
combo_cheap,s2,9784,92,92,0,0.0,100.0,0,0,23.87,12.18,1.32,81,120.8,44,29627,,23.5,-0.113,21.4,0.116,38.8,0.179,16.3,0.178,0.4327,-0.0461,0.0999,1,0,0,0.178,0.221,0.264,70.3,0.1158,0.5755,15,0,6/10,0.76,1.67,0,0,0,7,3,1,29871,25,37.57,,0.9615,1.0,0.0,,,,,
combo_cheap,s3,14684,102,102,0,0.0,100.0,0,0,24.78,11.08,1.36,91,161.4,71,29627,,17.7,-0.115,23.7,0.127,36.6,0.082,22.0,0.132,0.4538,-0.0301,0.0762,0,0,0,0.195,0.213,0.268,73.9,0.1144,0.5889,19,1,8/10,0.814,1.38,0,0,0,5,6,2,39629,32,45.96,,0.9348,1.0,0.0,,,,,
combo_cheap,s4,14684,108,108,0,0.0,100.0,0,0,23.05,9.34,1.43,97,151.4,74,29627,,17.1,-0.128,28.4,0.102,37.6,0.094,16.9,0.137,0.4408,-0.0394,0.0705,1,1,0,0.19,0.259,0.263,81.0,0.0869,0.5554,21,1,7/10,0.764,1.71,0,0,0,5,7,1,38911,31,45.16,,0.9314,1.0,0.0,,,,,
combo_cheap,s5,14679,111,111,0,0.0,100.0,0,0,22.73,9.04,1.42,100,146.8,74,29627,,14.8,-0.133,30.3,0.084,36.5,0.112,18.4,0.138,0.4224,-0.0396,0.0748,2,0,0,0.193,0.221,0.236,79.4,0.0807,0.5261,21,0,8/10,0.75,2.25,0,0,0,6,6,1,43545,35,47.76,,0.9444,1.0,0.0,,,,,
combo_cheap,s6,14672,118,118,0,0.0,100.0,0,0,21.26,8.69,1.45,118,124.3,59,29627,,16.0,-0.109,28.6,0.09,42.7,0.127,12.7,0.075,0.4189,-0.0327,0.0752,3,0,0,0.253,0.232,0.237,85.6,0.0675,0.5024,17,1,9/10,0.791,1.67,0,0,0,11,5,2,56445,45,52.95,,0.9369,0.982,0.0,,,,,
