arm,merged_topic_id,into_topic_id,reason,brand,label,into_label,merged_size,into_size,score,centroid_similarity,label_similarity,judge,judge_confidence,judge_reason,containment
wordset,T11,T8,label_wordset,AmericanAir,Flight delays and cancellations,Flight cancellations and delays,447,590,1.8018,0.8018,1.0,same,0.9,"Both topics focus on flight delays and cancellations with overlapping complaints about poor communication, rebooking, and customer service issues.",
semantic,T11,T8,label_semantic,AmericanAir,Flight delays and cancellations,Flight cancellations and delays,447,590,1.7918,0.8018,0.99,same,0.9,"Both topics focus on flight delays and cancellations with overlapping complaints about poor communication, rebooking, and customer service issues.",
semantic,T30,T31,label_semantic,Delta,Flight delays and customer service issues,Flight delays and rescheduling issues,353,401,1.6624,0.7588,0.9036,same,0.8,"Both topics focus on flight delays and related customer service issues causing frustration and missed connections, indicating the same core customer issue.",
overlap,T33,T36,record_overlap,McDonalds,fries / mcdonald / mcdonald fries / want / fries mcdonald,mcdonald / mcdonalds / want / breakfast / want mcdonald,288,493,0.9688,0.8153,,same,0.9,"Both topics focus on customer cravings and positive mentions of McDonald's menu items without reporting issues, indicating the same customer sentiment and interest.",0.9688
overlap,T20,T19,record_overlap,AppleSupport,apple / help / id / apple id / mac,iphone / ios / 11 / ios 11 / update,304,586,0.6908,0.7755,,same,0.85,"Both topics describe performance issues after iOS 11 update, including slowdowns and bugs, with overlapping complaints about battery and system problems.",0.6908
overlap,T11,T8,record_overlap,AmericanAir,flight / delay / delayed / hour / plane,flight / airline / gate / plane / worst,447,590,0.6063,0.8018,,same,0.9,Both topics focus on flight delays and cancellations with related customer service and rebooking issues.,0.6063
overlap,T56,T55,record_overlap,SpotifyCares,spotify / apple / watch / apple watch / app,spotify / account / premium / spotify premium / help,179,219,0.5922,0.765,,different,0.8,"Topic A focuses on iOS app playback and interface issues, while Topic B centers on login problems and content access restrictions, representing distinct customer issues.",0.5922
overlap,T15,T19,record_overlap,AppleSupport,battery / iphone / 11 / ios / phone,iphone / ios / 11 / ios 11 / update,236,586,0.589,0.709,,same,0.9,"Both topics describe battery drain and freezing/performance issues after iOS 11 updates, indicating the same customer problem.",0.589
overlap,T71,T72,record_overlap,comcastcares,wifi / mobile_carexi / modem / internet / working,internet / speed / slow / just / upload,220,334,0.5318,0.7306,,same,0.9,"Both topics describe frequent internet outages, slow speeds, and equipment issues causing customer frustration and service disruption.",0.5318
overlap,T12,T8,identical_llm_label,AmericanAir,Flight delays and seating issues,,271,766,,,,different,0.8,"Topic A focuses on flight delays, seating comfort, and entertainment issues, while Topic B centers on flight cancellations, poor communication, and compensation complaints.",
aliases,T33,T36,record_overlap,McDonalds,fries / mcdonald / mcdonald fries / want / fries mcdonald,mcdonald / mcdonalds / want / breakfast / want mcdonald,288,493,0.9688,0.8153,,same,0.9,"Both topics focus on customer cravings and positive mentions of McDonald's menu items without reporting issues, indicating the same customer sentiment and interest.",0.9688
aliases,T20,T19,record_overlap,AppleSupport,apple / help / id / apple id / mac,iphone / ios / 11 / ios 11 / update,304,586,0.6908,0.7755,,same,0.85,"Both topics describe performance issues after iOS 11 update, including slowdowns and bugs, with overlapping complaints about system usability and battery drain.",0.6908
aliases,T11,T8,record_overlap,AmericanAir,flight / delay / delayed / hour / plane,flight / airline / gate / plane / worst,447,590,0.6063,0.8018,,same,0.9,"Both topics focus on flight delays and cancellations with overlapping complaints about poor communication, rebooking, and customer service issues.",0.6063
aliases,T56,T55,record_overlap,SpotifyCares,spotify / apple / watch / apple watch / app,spotify / account / premium / spotify premium / help,179,219,0.5922,0.765,,different,0.8,"Topic A focuses on iOS app playback and interface issues, while Topic B centers on login problems and content access restrictions, representing distinct customer issues.",0.5922
aliases,T15,T19,record_overlap,AppleSupport,battery / iphone / 11 / ios / phone,iphone / ios / 11 / ios 11 / update,236,586,0.589,0.709,,same,0.9,"Both topics describe battery drain and freezing/performance issues after iOS 11 updates, indicating the same customer problem.",0.589
aliases,T71,T72,record_overlap,comcastcares,wifi / mobile_carexi / modem / internet / working,internet / speed / slow / just / upload,220,334,0.5318,0.7306,,same,0.9,"Both topics describe frequent internet outages, slow speeds, and equipment issues causing customer frustration and service disruption.",0.5318
aliases,T12,T8,identical_llm_label,AmericanAir,Flight delays and seating issues,,271,766,,,,different,0.85,"Topic A focuses on flight delays, seating comfort, and entertainment issues, while Topic B centers on flight cancellations, poor communication, and compensation complaints.",
combo_cheap,T33,T36,record_overlap,McDonalds,fries / mcdonald / mcdonald fries / want / fries mcdonald,mcdonald / mcdonalds / want / breakfast / want mcdonald,288,493,0.9688,0.8153,,same,0.9,"Both topics focus on customer cravings and positive mentions of McDonald's menu items without reporting issues, indicating the same customer sentiment and interest.",0.9688
combo_cheap,T20,T19,record_overlap,AppleSupport,apple / help / id / apple id / mac,iphone / ios / 11 / ios 11 / update,304,586,0.6908,0.7755,,same,0.9,"Both topics describe performance issues after iOS 11 update, including slowdowns and bugs, with overlapping complaints about system usability and battery problems.",0.6908
combo_cheap,T11,T8,record_overlap,AmericanAir,flight / delay / delayed / hour / plane,flight / airline / gate / plane / worst,447,590,0.6063,0.8018,,same,0.9,"Both topics focus on flight delays and cancellations with overlapping complaints about poor communication, rebooking, and customer service issues.",0.6063
combo_cheap,T56,T55,record_overlap,SpotifyCares,spotify / apple / watch / apple watch / app,spotify / account / premium / spotify premium / help,179,219,0.5922,0.765,,different,0.8,"Topic A focuses on iOS app playback and interface issues, while Topic B centers on login problems and content access restrictions, representing distinct customer issues.",0.5922
combo_cheap,T15,T19,record_overlap,AppleSupport,battery / iphone / 11 / ios / phone,iphone / ios / 11 / ios 11 / update,236,586,0.589,0.709,,same,0.9,"Both topics describe battery drain and freezing/performance issues after iOS 11 updates, indicating the same customer problem.",0.589
combo_cheap,T71,T72,record_overlap,comcastcares,wifi / mobile_carexi / modem / internet / working,internet / speed / slow / just / upload,220,334,0.5318,0.7306,,same,0.9,"Both topics describe frequent internet outages, slow speeds, and equipment issues causing customer frustration and service disruption.",0.5318
combo_cheap,T30,T31,label_semantic,Delta,Flight delays and customer service issues,Flight delays and rescheduling issues,353,401,1.6624,0.7588,0.9036,same,0.8,"Both topics focus on flight delays and related customer service issues causing frustration and missed connections, indicating the same underlying customer issue.",
