run,records,holdout_records,topics,unique_ids,duplicate_ids,median_live_size,last_seen_beyond_window,emerging,recovered,residual,junk,dormant,zero_size,alerts,alerts_suppressed,drift,refit,unassigned_window_pct,unassigned_holdout_pct,mean_coherence,live_topics,records_per_live_topic,kept_topics,kept_vol_pct,kept_mean_coherence,suppressed,campaign,llm_not_substantive,unclear,llm_requested,llm_failures,llm_reused,llm_label_merges,capacity_merges,retired_idle,llm_tokens,events_found,recall_best_topic,topics_for_80,matched_previous,new_ids,id_retention,runtime_s,arm
batch0 (base_200k),198314,200075,429,429,0,428,0,42,30,69,28,0,0,14,16,0.36506,False,17.26,17.26,0.084,429,462.3,329,85.8,0.1198,100,4,84,38,436,0,0,7,0,0,550242,10/10,0.5417,4.4,,,,,control
stream_1,48943,49385,440,440,0,75,0,23,51,133,43,75,75,0,21,0.39936,False,16.72,16.72,-0.0087,365,134.1,225,81.8,0.1009,158,1,87,42,67,0,372,5,0,3,83375,7/10,0.5757,2.0,129.0,0.0,0.972,467.8,control
stream_2,97881,49385,474,474,0,156,0,40,81,97,41,71,71,4,15,0.39933,False,10.1,3.04,0.0345,403,242.9,289,82.6,0.1031,130,3,94,49,81,0,386,1,0,0,100851,8/10,0.5705,2.25,153.0,0.0,0.9864,476.3,control
stream_3,146771,49385,507,507,0,253,0,40,110,91,46,66,66,7,17,0.4011,False,11.64,2.01,0.0576,441,332.8,331,84.0,0.1083,126,1,95,48,111,0,393,5,0,0,138068,8/10,0.5292,2.38,215.0,0.0,0.9852,512.6,control
stream_4,146713,49385,549,549,0,241,0,46,139,95,47,65,65,3,17,0.40147,False,11.36,2.69,0.0654,484,303.1,374,85.3,0.1138,126,1,97,49,107,0,437,3,0,0,132975,8/10,0.4965,3.12,239.0,0.0,0.9921,555.5,control
stream_5,146698,49385,581,581,0,221,0,34,161,91,51,65,65,14,26,0.40262,False,9.94,1.88,0.0691,516,284.3,401,84.5,0.1183,131,2,99,45,83,0,491,1,0,0,104483,8/10,0.4833,3.12,216.0,0.0,0.9964,615.2,control
stream_6,146749,49388,594,594,0,174,0,45,181,127,46,0,0,4,21,0.40639,False,10.02,2.7,0.0627,594,247.1,449,82.2,0.1188,145,9,82,33,101,0,503,6,18,6,127754,10/10,0.5476,3.1,209.0,0.0,0.9449,635.4,control
batch0 (base_200k),198314,200075,378,378,0,521,0,30,16,58,30,0,0,11,18,0.34771,False,12.61,12.61,0.0776,378,524.6,287,86.8,0.1162,91,4,82,39,389,0,0,11,0,0,488623,10/10,0.5941,3.3,,,,,emb768
stream_1,48943,49385,381,381,0,100,0,13,25,102,41,73,73,0,25,0.37283,False,11.88,11.88,0.0186,308,158.9,195,83.0,0.1031,127,2,77,34,62,0,318,5,0,0,75775,7/10,0.5767,2.0,75.0,0.0,0.9735,1643.6,emb768
stream_2,97881,49385,410,410,0,216,0,36,43,85,43,70,70,2,8,0.37897,False,7.06,2.19,0.0324,340,287.9,236,83.0,0.1073,116,3,84,41,71,0,334,1,0,0,87799,8/10,0.5318,2.5,115.0,0.0,0.9816,1805.0,emb768
stream_3,146771,49385,428,428,0,324,0,28,61,70,41,60,60,6,12,0.37968,False,8.51,2.17,0.055,368,398.8,275,85.5,0.107,104,1,80,38,89,0,338,5,0,0,109473,8/10,0.5284,2.62,181.0,0.0,0.9756,1942.5,emb768
stream_4,146713,49385,458,458,0,316,0,34,84,70,41,57,57,2,13,0.38093,False,7.97,1.4,0.0623,401,365.9,310,84.6,0.1082,101,2,77,33,97,0,358,2,0,1,121324,8/10,0.5326,3.12,213.0,0.0,0.9907,2538.5,emb768
stream_5,146698,49385,481,481,0,298,0,27,103,71,37,56,56,11,18,0.38282,False,7.64,2.36,0.0693,425,345.2,329,84.7,0.1149,106,2,75,27,65,0,412,2,0,0,80995,8/10,0.4999,3.5,204.0,0.0,0.9913,2067.4,emb768
stream_6,146749,49388,508,508,0,223,0,39,130,98,34,0,0,4,26,0.38287,False,6.92,2.06,0.0647,508,288.9,377,82.1,0.1208,131,8,83,31,84,0,431,3,0,5,105837,10/10,0.5226,3.2,201.0,0.0,0.9751,2009.3,emb768
batch0 (base_200k),198314,200075,598,598,0,226,0,72,44,112,49,0,0,13,25,,False,13.54,13.54,0.0689,598,331.6,438,84.2,0.1114,160,10,128,67,600,0,0,2,138,0,751325,10/10,0.536,4.1,,,,,bertopic
stream_1,48943,49385,593,593,0,47,0,15,55,232,79,66,66,2,27,,False,13.23,13.23,-0.0268,527,92.9,287,78.3,0.099,255,7,106,47,117,0,480,6,0,4,142911,7/10,0.5791,2.29,135.0,1.0,0.9666,118.6,bertopic
stream_2,97881,49385,641,641,0,102,0,58,86,187,73,63,63,5,19,,False,8.32,3.23,0.0135,578,169.3,370,80.8,0.1008,223,9,112,50,135,0,503,2,0,0,166065,8/10,0.5064,2.88,181.0,3.0,0.9831,165.0,bertopic
stream_3,146771,49385,646,646,0,145,0,82,135,168,73,51,51,8,19,,False,10.17,4.24,0.0316,595,246.7,397,82.5,0.1036,210,6,125,70,199,0,448,5,73,0,246353,8/10,0.5179,2.75,307.0,11.0,0.8799,225.7,bertopic
stream_4,146713,49385,641,641,0,151,0,58,158,152,66,44,44,3,15,,False,9.94,3.13,0.0408,597,245.8,417,81.9,0.1069,191,7,108,54,179,0,461,3,63,0,222870,8/10,0.542,2.75,330.0,14.0,0.9025,221.0,bertopic
stream_5,146698,49385,640,640,0,135,0,79,192,146,68,41,41,16,36,,False,10.58,3.89,0.0428,599,244.9,422,79.3,0.1051,187,10,111,57,192,0,446,1,81,1,241778,8/10,0.5585,3.12,321.0,10.0,0.8752,216.9,bertopic
stream_6,146749,49388,629,629,0,112,0,104,218,161,71,0,0,5,29,,False,10.3,4.37,0.0453,629,233.3,440,81.0,0.1165,189,8,104,55,219,0,418,2,110,8,274345,10/10,0.6461,2.3,311.0,14.0,0.8203,233.1,bertopic
