arm,batch,window_records,entries,unique_ids,duplicate_ids,phantom_slots_pct,own_brand_pct,mis_tagged_topics,last_seen_future,unassigned_window_pct,unassigned_holdout_pct,inflation,live_topics,records_per_live_topic,median_size,reference_corpus_docs,window_corpus_docs,vol_<=100_pct,npmi_<=100,vol_101-300_pct,npmi_101-300,vol_301-1000_pct,npmi_301-1000,vol_1000+_pct,npmi_1000+,C_v,C_npmi,C_npmi_size_weighted,alerts,alerts_neg_npmi,alerts_not_substantive,gap_is_junk,gap_not_substantive,gap_suppressed,kept_vol_pct,kept_C_npmi,kept_C_v,unclear_topics,campaign_topics,events,recall,topics_for_80,wall_s,cpu_s,cpu_util_x,peak_rss_gib
control,stream_1,48943.0,440.0,440.0,0.0,0.0,100.0,0.0,0.0,16.72,16.72,1.7,365.0,134.1,75.0,296313.0,,13.1,-0.029,23.7,0.095,32.8,0.144,30.4,0.151,0.4551,0.0285,0.1159,0.0,0.0,0.0,0.183,0.178,0.191,81.8,0.102,0.5563,42.0,1.0,7/10,0.576,2.0,,,,
control,stream_2,97881.0,474.0,474.0,0.0,0.0,100.0,0.0,0.0,10.1,3.04,1.68,403.0,242.9,156.0,296313.0,,4.7,-0.049,14.8,0.078,36.3,0.129,44.2,0.088,0.4788,0.0436,0.1104,4.0,1.0,0.0,0.214,0.207,0.208,82.6,0.1026,0.5575,49.0,3.0,8/10,0.57,2.25,,,,
control,stream_3,146771.0,507.0,507.0,0.0,0.0,100.0,0.0,0.0,11.64,2.01,1.74,441.0,332.8,253.0,296313.0,,2.3,-0.049,11.4,0.076,36.2,0.118,50.1,0.142,0.5118,0.0641,0.1261,7.0,0.0,0.0,0.23,0.228,0.227,84.0,0.1206,0.5871,48.0,1.0,8/10,0.529,2.38,,,,
control,stream_4,146713.0,549.0,549.0,0.0,0.0,100.0,0.0,0.0,11.36,2.69,1.76,484.0,303.1,241.0,296313.0,,2.8,-0.052,12.7,0.073,34.8,0.11,49.7,0.134,0.5064,0.0586,0.1211,3.0,1.0,0.0,0.214,0.241,0.222,85.3,0.1086,0.5658,49.0,1.0,8/10,0.496,3.12,,,,
control,stream_5,146698.0,581.0,581.0,0.0,0.0,100.0,0.0,0.0,9.94,1.88,1.78,516.0,284.3,221.0,296313.0,,3.0,-0.034,13.3,0.058,36.7,0.107,46.9,0.125,0.498,0.0553,0.1134,14.0,3.0,0.0,0.232,0.209,0.21,84.5,0.102,0.5577,45.0,2.0,8/10,0.483,3.12,,,,
control,stream_6,146749.0,594.0,594.0,0.0,0.0,100.0,0.0,0.0,10.02,2.7,1.75,594.0,247.1,174.0,296313.0,,4.0,-0.032,12.5,0.063,36.9,0.104,46.6,0.143,0.4727,0.0454,0.1151,4.0,1.0,0.0,0.163,0.147,0.136,82.2,0.0783,0.5189,33.0,9.0,10/10,0.548,3.1,,,,
control,CHURN,,402.0,76.0,,,,,,,,,,,,,,,,,,,,,,,,,,,,,,,,,,,,,,,,,,
control,PROCESS,,,,,,,,,,,,,,,,,,,,,,,,,,,,,,,,,,,,,,,,,,3278.5,27463.9,8.38,4.49
emb768,PROCESS,,,,,,,,,,,,,,,,,,,,,,,,,,,,,,,,,,,,,,,,,,,,,
bertopic,stream_1,48943.0,593.0,593.0,0.0,0.0,100.0,0.0,0.0,13.23,13.23,1.74,527.0,92.9,47.0,296313.0,,16.7,-0.054,27.0,0.053,29.2,0.106,27.0,0.162,0.3983,-0.0125,0.0894,2.0,0.0,0.0,0.131,0.133,0.131,78.3,0.0471,0.4785,47.0,7.0,7/10,0.579,2.29,,,,
bertopic,stream_2,97881.0,641.0,641.0,0.0,0.0,100.0,0.0,0.0,8.32,3.23,1.73,578.0,169.3,102.0,296313.0,,8.0,-0.064,18.3,0.022,33.7,0.133,40.1,0.151,0.4266,0.0074,0.1063,5.0,1.0,0.0,0.158,0.166,0.177,80.8,0.0709,0.5116,50.0,9.0,8/10,0.506,2.88,,,,
bertopic,stream_3,146771.0,646.0,646.0,0.0,0.0,100.0,0.0,0.0,10.17,4.24,1.62,595.0,246.7,145.0,296313.0,,4.9,-0.044,15.9,0.028,30.0,0.079,49.2,0.148,0.4419,0.0208,0.1044,8.0,1.0,0.0,0.185,0.155,0.173,82.5,0.0769,0.517,70.0,6.0,8/10,0.518,2.75,,,,
bertopic,stream_4,146713.0,641.0,641.0,0.0,0.0,100.0,0.0,0.0,9.94,3.13,1.63,597.0,245.8,151.0,296313.0,,4.7,-0.039,16.1,0.021,32.3,0.089,47.0,0.166,0.4553,0.0259,0.1132,3.0,0.0,0.0,0.173,0.166,0.172,81.9,0.0779,0.5189,54.0,7.0,8/10,0.542,2.75,,,,
bertopic,stream_5,146698.0,640.0,640.0,0.0,0.0,100.0,0.0,0.0,10.58,3.89,1.6,599.0,244.9,135.0,296313.0,,5.4,-0.042,15.9,0.026,29.2,0.089,49.5,0.152,0.4397,0.0197,0.1064,16.0,3.0,0.0,0.154,0.13,0.134,79.3,0.0583,0.49,57.0,10.0,8/10,0.558,3.12,,,,
bertopic,stream_6,146749.0,629.0,629.0,0.0,0.0,100.0,0.0,0.0,10.3,4.37,1.6,629.0,233.3,112.0,296313.0,,5.5,-0.034,14.5,0.038,28.4,0.101,51.6,0.146,0.4409,0.0238,0.115,5.0,0.0,0.0,0.174,0.142,0.142,81.0,0.065,0.492,55.0,8.0,10/10,0.646,2.3,,,,
bertopic,CHURN,,327.0,110.0,,,,,,,,,,,,,,,,,,,,,,,,,,,,,,,,,,,,,,,,,,
bertopic,PROCESS,,,,,,,,,,,,,,,,,,,,,,,,,,,,,,,,,,,,,,,,,,1191.7,1601.6,1.34,3.32
