arm,batch,window_records,entries,unique_ids,duplicate_ids,phantom_slots_pct,own_brand_pct,mis_tagged_topics,last_seen_future,unassigned_window_pct,unassigned_holdout_pct,inflation,live_topics,records_per_live_topic,median_size,reference_corpus_docs,window_corpus_docs,vol_<=100_pct,npmi_<=100,vol_101-300_pct,npmi_101-300,vol_301-1000_pct,npmi_301-1000,vol_1000+_pct,npmi_1000+,C_v,C_npmi,C_npmi_size_weighted,alerts,alerts_neg_npmi,alerts_not_substantive,gap_is_junk,gap_not_substantive,gap_suppressed,kept_vol_pct,kept_C_npmi,kept_C_v,unclear_topics,campaign_topics,events,recall,topics_for_80,thresholds,llm_calls,llm_failed,llm_error,llm_tokens,label_merges,capacity_merges,drift,t_embedding,t_total,t_excl_embedding,wall_s,peak_rss_gib,id_retention,matched_previous,new_ids,brand_switches
control,base_20k,19820.0,92.0,92.0,0.0,0.0,100.0,0.0,0.0,34.78,34.78,1.4,92.0,215.4,163.0,20007.0,,8.8,-0.138,45.7,0.009,45.4,0.15,0.0,,0.4717,-0.0099,0.0732,2.0,0.0,0.0,0.324,0.316,0.327,84.9,0.0845,0.5159,13.0,0.0,10/10,0.721,2.2,"{'min_similarity': 0.5, 'candidate_similarity': 0.55, 'candidate_margin': 0.05, 'duplicate_similarity': 0.92}",92.0,0.0,,116200.0,0.0,0.0,0.29652,144.98,239.66,94.7,243.8,1.99,,,,
e768_old,base_20k,19820.0,76.0,76.0,0.0,0.0,100.0,0.0,0.0,26.28,26.28,1.5,76.0,260.8,236.0,20007.0,,2.1,-0.182,31.3,0.006,61.9,0.155,4.7,0.085,0.507,0.0375,0.1029,1.0,0.0,0.0,0.308,0.267,0.267,84.3,0.1053,0.5597,8.0,0.0,10/10,0.716,2.0,"{'min_similarity': 0.5, 'candidate_similarity': 0.55, 'candidate_margin': 0.05, 'duplicate_similarity': 0.92, 'history_min_similarity': 0.5, 'label_merge_similarity': 0.7, 'label_reuse_similarity': 0.92, 'consolidate_min_similarity': 0.75, 'secondary_margin': 0.0}",76.0,0.0,HTTPError: HTTP Error 400: Bad Request,96477.0,0.0,0.0,0.27162,572.34,672.88,100.5,677.4,3.01,,,,
e768_cal,base_20k,19820.0,84.0,84.0,0.0,0.0,100.0,0.0,0.0,31.82,31.82,1.43,84.0,236.0,168.0,20007.0,,5.3,-0.157,26.9,-0.03,67.7,0.151,0.0,,0.4858,-0.0,0.0918,3.0,0.0,0.0,0.302,0.338,0.325,85.0,0.099,0.5473,13.0,0.0,10/10,0.696,2.0,"{'min_similarity': 0.53, 'candidate_similarity': 0.6, 'candidate_margin': 0.05, 'duplicate_similarity': 0.93, 'history_min_similarity': 0.53, 'label_merge_similarity': 0.75, 'label_reuse_similarity': 0.93, 'consolidate_min_similarity': 0.8, 'secondary_margin': 0.0}",84.0,0.0,,106770.0,0.0,0.0,0.26811,0.04,103.09,103.0,107.5,2.2,,,,
e768_margin,base_20k,19820.0,84.0,84.0,0.0,0.0,100.0,0.0,0.0,31.82,31.82,1.09,84.0,236.0,131.0,20007.0,,13.8,-0.103,38.3,-0.003,47.9,0.145,0.0,,0.463,-0.0171,0.0742,4.0,0.0,0.0,0.221,0.25,0.258,79.1,0.0742,0.5196,15.0,0.0,10/10,0.622,2.4,"{'min_similarity': 0.53, 'candidate_similarity': 0.6, 'candidate_margin': 0.05, 'duplicate_similarity': 0.93, 'history_min_similarity': 0.53, 'label_merge_similarity': 0.75, 'label_reuse_similarity': 0.93, 'consolidate_min_similarity': 0.8, 'secondary_margin': 0.03}",84.0,0.0,,106953.0,0.0,0.0,0.26811,0.04,102.67,102.6,107.3,2.2,,,,
e768_floors,base_20k,19820.0,83.0,83.0,0.0,0.0,100.0,0.0,0.0,31.82,31.82,1.43,83.0,238.8,170.0,20007.0,,5.3,-0.162,26.9,-0.03,67.8,0.151,0.0,,0.488,0.0005,0.0918,3.0,0.0,0.0,0.321,0.333,0.326,85.8,0.1011,0.554,11.0,0.0,10/10,0.696,2.0,"{'min_similarity': 0.53, 'candidate_similarity': 0.55, 'candidate_margin': 0.05, 'duplicate_similarity': 0.92, 'history_min_similarity': 0.53, 'label_merge_similarity': 0.7, 'label_reuse_similarity': 0.92, 'consolidate_min_similarity': 0.75, 'secondary_margin': 0.0}",83.0,0.0,,105535.0,0.0,0.0,0.26811,0.04,100.96,100.9,105.4,2.2,,,,
control,stream_1,4892.0,94.0,94.0,0.0,0.0,100.0,0.0,0.0,34.85,34.85,1.45,82.0,59.7,22.0,29627.0,,42.0,-0.079,25.0,0.111,33.0,0.15,0.0,,0.4073,-0.0546,0.0518,1.0,0.0,0.0,0.049,0.153,0.196,58.1,0.0861,0.5371,11.0,0.0,6/10,0.791,1.5,"{'min_similarity': 0.5, 'candidate_similarity': 0.55, 'candidate_margin': 0.05, 'duplicate_similarity': 0.92}",20.0,0.0,,24095.0,1.0,0.0,0.38597,40.43,67.53,27.1,,,0.9891,19.0,0.0,0.0
control,stream_2,9784.0,110.0,110.0,0.0,0.0,100.0,0.0,0.0,23.1,11.75,1.38,98.0,99.8,44.0,29627.0,,29.0,-0.087,25.3,0.125,30.3,0.162,15.3,0.195,0.429,-0.036,0.094,1.0,0.0,0.0,0.206,0.218,0.239,65.4,0.1192,0.5672,20.0,0.0,6/10,0.718,1.83,"{'min_similarity': 0.5, 'candidate_similarity': 0.55, 'candidate_margin': 0.05, 'duplicate_similarity': 0.92}",26.0,0.0,,32178.0,1.0,0.0,0.40991,39.89,76.86,37.0,,,0.9894,23.0,0.0,0.0
control,stream_3,14684.0,128.0,128.0,0.0,0.0,100.0,0.0,0.0,24.52,11.94,1.48,116.0,126.6,67.0,29627.0,,19.7,-0.124,25.5,0.114,36.5,0.092,18.2,0.119,0.4405,-0.046,0.066,0.0,0.0,0.0,0.161,0.208,0.255,76.3,0.0881,0.5439,21.0,1.0,8/10,0.768,1.5,"{'min_similarity': 0.5, 'candidate_similarity': 0.55, 'candidate_margin': 0.05, 'duplicate_similarity': 0.92}",39.0,0.0,,48428.0,1.0,0.0,0.41715,41.19,89.17,48.0,,,0.9909,41.0,0.0,0.0
control,stream_4,14684.0,139.0,139.0,0.0,0.0,100.0,0.0,0.0,20.57,7.77,1.54,127.0,115.6,67.0,29627.0,,20.9,-0.106,29.4,0.059,35.9,0.116,13.7,0.155,0.4272,-0.0424,0.0633,0.0,0.0,0.0,0.177,0.243,0.237,79.8,0.063,0.517,20.0,1.0,7/10,0.646,2.14,"{'min_similarity': 0.5, 'candidate_similarity': 0.55, 'candidate_margin': 0.05, 'duplicate_similarity': 0.92}",34.0,0.0,,42955.0,0.0,0.0,0.41219,44.79,89.77,45.0,,,1.0,40.0,0.0,0.0
control,stream_5,14679.0,146.0,146.0,0.0,0.0,100.0,0.0,0.0,19.48,5.73,1.55,134.0,109.5,62.0,29627.0,,20.7,-0.083,27.7,0.082,39.0,0.093,12.6,0.152,0.4249,-0.0241,0.0598,6.0,0.0,0.0,0.185,0.215,0.234,77.5,0.0772,0.5138,18.0,0.0,8/10,0.703,2.12,"{'min_similarity': 0.5, 'candidate_similarity': 0.55, 'candidate_margin': 0.05, 'duplicate_similarity': 0.92}",33.0,0.0,,42584.0,0.0,0.0,0.41495,48.04,93.95,45.9,,,1.0,45.0,0.0,0.0
control,stream_6,14672.0,159.0,159.0,0.0,0.0,100.0,0.0,0.0,19.89,9.4,1.58,159.0,92.3,47.0,29627.0,,19.9,-0.087,28.8,0.097,43.3,0.079,8.0,0.075,0.4129,-0.0301,0.0509,2.0,0.0,0.0,0.24,0.188,0.212,78.1,0.0644,0.4958,20.0,1.0,9/10,0.746,1.89,"{'min_similarity': 0.5, 'candidate_similarity': 0.55, 'candidate_margin': 0.05, 'duplicate_similarity': 0.92}",43.0,0.0,,54756.0,0.0,0.0,0.42127,50.96,98.81,47.9,,,0.9863,43.0,0.0,0.0
control,STREAM_PROCESS,,,,,,,,,,,,,,,,,,,,,,,,,,,,,,,,,,,,,,,,,,,,,,,,,,,,,541.0,1.79,,,,
e768_old,stream_1,4892.0,76.0,76.0,0.0,0.0,100.0,0.0,0.0,24.41,24.41,1.65,66.0,74.1,48.0,29627.0,,30.2,-0.053,29.4,0.081,40.4,0.178,0.0,,0.4401,-0.0069,0.0855,1.0,0.0,0.0,0.057,0.153,0.182,58.1,0.1249,0.6021,9.0,0.0,6/10,0.802,1.33,"{'min_similarity': 0.5, 'candidate_similarity': 0.55, 'candidate_margin': 0.05, 'duplicate_similarity': 0.92, 'history_min_similarity': 0.5, 'label_merge_similarity': 0.7, 'label_reuse_similarity': 0.92, 'consolidate_min_similarity': 0.75, 'secondary_margin': 0.0}",11.0,0.0,,13523.0,0.0,0.0,0.36196,153.05,179.5,26.4,,,1.0,19.0,0.0,0.0
e768_old,stream_2,9784.0,95.0,95.0,0.0,0.0,100.0,0.0,0.0,16.37,8.81,1.58,85.0,115.1,73.0,29627.0,,15.4,-0.107,30.5,0.098,42.4,0.107,11.6,0.209,0.4627,-0.0183,0.0945,0.0,0.0,0.0,0.219,0.253,0.221,74.5,0.1068,0.5597,22.0,1.0,6/10,0.819,1.5,"{'min_similarity': 0.5, 'candidate_similarity': 0.55, 'candidate_margin': 0.05, 'duplicate_similarity': 0.92, 'history_min_similarity': 0.5, 'label_merge_similarity': 0.7, 'label_reuse_similarity': 0.92, 'consolidate_min_similarity': 0.75, 'secondary_margin': 0.0}",29.0,0.0,,35655.0,0.0,0.0,0.38996,147.58,187.22,39.6,,,1.0,23.0,0.0,0.0
e768_old,stream_3,14684.0,106.0,106.0,0.0,0.0,100.0,0.0,0.0,17.19,7.29,1.63,96.0,153.0,128.0,29627.0,,11.9,-0.149,34.5,0.063,39.2,0.148,14.4,0.22,0.4737,-0.013,0.0923,1.0,0.0,0.0,0.244,0.284,0.244,75.1,0.099,0.5542,17.0,0.0,8/10,0.808,1.38,"{'min_similarity': 0.5, 'candidate_similarity': 0.55, 'candidate_margin': 0.05, 'duplicate_similarity': 0.92, 'history_min_similarity': 0.5, 'label_merge_similarity': 0.7, 'label_reuse_similarity': 0.92, 'consolidate_min_similarity': 0.75, 'secondary_margin': 0.0}",45.0,0.0,,56511.0,2.0,0.0,0.39285,152.86,205.54,52.7,,,0.9789,47.0,4.0,0.0
e768_old,stream_4,14684.0,116.0,116.0,0.0,0.0,100.0,0.0,0.0,15.1,4.93,1.65,106.0,138.5,108.0,29627.0,,13.5,-0.125,27.7,0.049,47.5,0.127,11.4,0.221,0.4643,-0.0151,0.0903,1.0,0.0,0.0,0.279,0.258,0.246,75.7,0.1009,0.565,18.0,0.0,8/10,0.743,1.75,"{'min_similarity': 0.5, 'candidate_similarity': 0.55, 'candidate_margin': 0.05, 'duplicate_similarity': 0.92, 'history_min_similarity': 0.5, 'label_merge_similarity': 0.7, 'label_reuse_similarity': 0.92, 'consolidate_min_similarity': 0.75, 'secondary_margin': 0.0}",32.0,0.0,,40349.0,0.0,0.0,0.38751,164.09,214.08,50.0,,,0.9906,48.0,1.0,0.0
e768_old,stream_5,14679.0,128.0,128.0,0.0,0.0,100.0,0.0,0.0,14.5,6.59,1.68,118.0,124.4,96.0,29627.0,,14.4,-0.149,30.1,0.051,49.2,0.123,6.3,0.084,0.4443,-0.0376,0.0663,2.0,0.0,0.0,0.237,0.22,0.268,75.6,0.0814,0.5382,22.0,0.0,8/10,0.62,2.38,"{'min_similarity': 0.5, 'candidate_similarity': 0.55, 'candidate_margin': 0.05, 'duplicate_similarity': 0.92, 'history_min_similarity': 0.5, 'label_merge_similarity': 0.7, 'label_reuse_similarity': 0.92, 'consolidate_min_similarity': 0.75, 'secondary_margin': 0.0}",31.0,0.0,,39499.0,0.0,0.0,0.39163,177.22,227.87,50.7,,,0.9914,47.0,0.0,0.0
e768_old,stream_6,14672.0,138.0,138.0,0.0,0.0,100.0,0.0,0.0,13.8,7.64,1.7,138.0,106.3,86.0,29627.0,,13.7,-0.108,37.6,0.056,42.5,0.104,6.3,0.225,0.4379,-0.0255,0.0639,2.0,0.0,0.0,0.219,0.151,0.232,76.2,0.0659,0.5154,15.0,1.0,9/10,0.694,2.0,"{'min_similarity': 0.5, 'candidate_similarity': 0.55, 'candidate_margin': 0.05, 'duplicate_similarity': 0.92, 'history_min_similarity': 0.5, 'label_merge_similarity': 0.7, 'label_reuse_similarity': 0.92, 'consolidate_min_similarity': 0.75, 'secondary_margin': 0.0}",37.0,0.0,,45990.0,1.0,0.0,0.39736,185.16,237.94,52.8,,,0.9922,49.0,0.0,0.0
e768_old,STREAM_PROCESS,,,,,,,,,,,,,,,,,,,,,,,,,,,,,,,,,,,,,,,,,,,,,,,,,,,,,1279.2,2.76,,,,
e768_cal,stream_1,4892.0,85.0,85.0,0.0,0.0,100.0,0.0,0.0,28.97,28.97,1.57,75.0,65.2,33.0,29627.0,,37.0,-0.068,31.8,0.145,31.2,0.194,0.0,,0.4183,-0.0252,0.0921,1.0,0.0,0.0,-0.017,0.117,0.142,62.4,0.0728,0.5287,10.0,0.0,6/10,0.778,1.5,"{'min_similarity': 0.53, 'candidate_similarity': 0.6, 'candidate_margin': 0.05, 'duplicate_similarity': 0.93, 'history_min_similarity': 0.53, 'label_merge_similarity': 0.75, 'label_reuse_similarity': 0.93, 'consolidate_min_similarity': 0.8, 'secondary_margin': 0.0}",19.0,0.0,,23250.0,1.0,0.0,0.35634,0.01,27.92,27.9,,,0.9881,19.0,0.0,0.0
e768_cal,stream_2,9784.0,105.0,105.0,0.0,0.0,100.0,0.0,0.0,18.63,9.04,1.51,95.0,103.0,49.0,29627.0,,21.1,-0.088,27.8,0.042,39.3,0.139,11.8,0.209,0.4294,-0.0354,0.0836,0.0,0.0,0.0,0.175,0.207,0.214,75.6,0.092,0.5534,19.0,1.0,6/10,0.79,1.67,"{'min_similarity': 0.53, 'candidate_similarity': 0.6, 'candidate_margin': 0.05, 'duplicate_similarity': 0.93, 'history_min_similarity': 0.53, 'label_merge_similarity': 0.75, 'label_reuse_similarity': 0.93, 'consolidate_min_similarity': 0.8, 'secondary_margin': 0.0}",30.0,0.0,,37260.0,0.0,0.0,0.3855,0.02,40.45,40.4,,,1.0,23.0,0.0,0.0
e768_cal,stream_3,14684.0,122.0,122.0,0.0,0.0,100.0,0.0,0.0,21.31,8.67,1.57,112.0,131.1,78.0,29627.0,,13.8,-0.133,34.1,0.057,45.6,0.137,6.5,0.227,0.4548,-0.0298,0.0829,0.0,0.0,0.0,0.218,0.29,0.273,80.4,0.0919,0.5395,24.0,0.0,8/10,0.757,1.62,"{'min_similarity': 0.53, 'candidate_similarity': 0.6, 'candidate_margin': 0.05, 'duplicate_similarity': 0.93, 'history_min_similarity': 0.53, 'label_merge_similarity': 0.75, 'label_reuse_similarity': 0.93, 'consolidate_min_similarity': 0.8, 'secondary_margin': 0.0}",51.0,0.0,,64924.0,0.0,0.0,0.38693,0.02,55.57,55.5,,,1.0,49.0,2.0,0.0
e768_cal,stream_4,14684.0,139.0,139.0,0.0,0.0,100.0,0.0,0.0,19.88,8.73,1.62,129.0,113.8,80.0,29627.0,,18.0,-0.123,34.1,0.03,42.3,0.123,5.6,0.237,0.4335,-0.0464,0.0693,1.0,0.0,0.0,0.201,0.257,0.245,79.5,0.0664,0.5266,27.0,0.0,8/10,0.702,1.75,"{'min_similarity': 0.53, 'candidate_similarity': 0.6, 'candidate_margin': 0.05, 'duplicate_similarity': 0.93, 'history_min_similarity': 0.53, 'label_merge_similarity': 0.75, 'label_reuse_similarity': 0.93, 'consolidate_min_similarity': 0.8, 'secondary_margin': 0.0}",48.0,0.0,,60015.0,0.0,0.0,0.38408,0.02,53.58,53.6,,,1.0,48.0,1.0,0.0
e768_cal,stream_5,14679.0,158.0,158.0,0.0,0.0,100.0,0.0,0.0,18.48,9.76,1.66,148.0,99.2,65.0,29627.0,,20.0,-0.095,34.1,0.059,40.3,0.098,5.6,0.07,0.429,-0.0337,0.0568,3.0,0.0,0.0,0.181,0.174,0.198,76.2,0.0491,0.4965,29.0,0.0,8/10,0.608,2.5,"{'min_similarity': 0.53, 'candidate_similarity': 0.6, 'candidate_margin': 0.05, 'duplicate_similarity': 0.93, 'history_min_similarity': 0.53, 'label_merge_similarity': 0.75, 'label_reuse_similarity': 0.93, 'consolidate_min_similarity': 0.8, 'secondary_margin': 0.0}",50.0,0.0,,62972.0,1.0,0.0,0.38436,0.02,55.87,55.8,,,0.9928,47.0,0.0,0.0
e768_cal,stream_6,14672.0,174.0,174.0,0.0,0.0,100.0,0.0,0.0,16.84,9.81,1.68,174.0,84.3,59.0,29627.0,,21.6,-0.092,36.3,0.059,36.2,0.12,5.8,0.223,0.4122,-0.0341,0.0597,4.0,0.0,0.0,0.158,0.152,0.165,76.0,0.0357,0.4809,20.0,2.0,9/10,0.707,2.11,"{'min_similarity': 0.53, 'candidate_similarity': 0.6, 'candidate_margin': 0.05, 'duplicate_similarity': 0.93, 'history_min_similarity': 0.53, 'label_merge_similarity': 0.75, 'label_reuse_similarity': 0.93, 'consolidate_min_similarity': 0.8, 'secondary_margin': 0.0}",51.0,0.0,,64268.0,2.0,0.0,0.39061,0.03,58.24,58.2,,,0.981,49.0,0.0,0.0
e768_cal,STREAM_PROCESS,,,,,,,,,,,,,,,,,,,,,,,,,,,,,,,,,,,,,,,,,,,,,,,,,,,,,318.5,2.03,,,,
e768_margin,stream_1,4892.0,86.0,86.0,0.0,0.0,100.0,0.0,0.0,28.97,28.97,1.13,76.0,64.4,27.0,29627.0,,45.1,-0.073,45.7,0.087,9.2,0.233,0.0,,0.4007,-0.0479,0.0485,0.0,0.0,0.0,0.005,0.088,0.128,52.4,0.0496,0.5263,14.0,0.0,6/10,0.666,1.83,"{'min_similarity': 0.53, 'candidate_similarity': 0.6, 'candidate_margin': 0.05, 'duplicate_similarity': 0.93, 'history_min_similarity': 0.53, 'label_merge_similarity': 0.75, 'label_reuse_similarity': 0.93, 'consolidate_min_similarity': 0.8, 'secondary_margin': 0.03}",21.0,0.0,,25568.0,0.0,0.0,0.35634,0.01,28.34,28.3,,,1.0,19.0,0.0,0.0
e768_margin,stream_2,9784.0,106.0,106.0,0.0,0.0,100.0,0.0,0.0,18.62,9.04,1.14,96.0,101.9,42.0,29627.0,,28.3,-0.099,34.9,0.041,36.8,0.077,0.0,,0.4053,-0.0614,0.0418,0.0,0.0,0.0,0.114,0.157,0.192,69.7,0.0602,0.5243,23.0,1.0,6/10,0.651,2.17,"{'min_similarity': 0.53, 'candidate_similarity': 0.6, 'candidate_margin': 0.05, 'duplicate_similarity': 0.93, 'history_min_similarity': 0.53, 'label_merge_similarity': 0.75, 'label_reuse_similarity': 0.93, 'consolidate_min_similarity': 0.8, 'secondary_margin': 0.03}",34.0,0.0,,42593.0,0.0,0.0,0.38562,0.02,41.13,41.1,,,1.0,23.0,0.0,0.0
e768_margin,stream_3,14684.0,122.0,122.0,0.0,0.0,100.0,0.0,0.0,21.26,8.59,1.15,112.0,131.1,62.0,29627.0,,20.5,-0.144,43.6,0.062,35.9,0.09,0.0,,0.4248,-0.0622,0.0472,1.0,0.0,0.0,0.224,0.22,0.248,70.4,0.0731,0.525,27.0,0.0,8/10,0.644,2.0,"{'min_similarity': 0.53, 'candidate_similarity': 0.6, 'candidate_margin': 0.05, 'duplicate_similarity': 0.93, 'history_min_similarity': 0.53, 'label_merge_similarity': 0.75, 'label_reuse_similarity': 0.93, 'consolidate_min_similarity': 0.8, 'secondary_margin': 0.03}",53.0,0.0,,66679.0,1.0,0.0,0.38725,0.03,56.01,56.0,,,1.0,49.0,2.0,0.0
e768_margin,stream_4,14684.0,139.0,139.0,0.0,0.0,100.0,0.0,0.0,19.87,8.63,1.18,129.0,113.8,59.0,29627.0,,24.6,-0.133,42.0,0.048,33.4,0.089,0.0,,0.4119,-0.0677,0.0387,0.0,0.0,0.0,0.117,0.205,0.226,69.1,0.0615,0.5314,32.0,0.0,8/10,0.608,2.12,"{'min_similarity': 0.53, 'candidate_similarity': 0.6, 'candidate_margin': 0.05, 'duplicate_similarity': 0.93, 'history_min_similarity': 0.53, 'label_merge_similarity': 0.75, 'label_reuse_similarity': 0.93, 'consolidate_min_similarity': 0.8, 'secondary_margin': 0.03}",51.0,0.0,,63688.0,0.0,0.0,0.38452,0.02,54.19,54.2,,,1.0,48.0,1.0,0.0
e768_margin,stream_5,14679.0,160.0,160.0,0.0,0.0,100.0,0.0,0.0,18.12,8.8,1.2,150.0,97.9,50.0,29627.0,,26.0,-0.114,42.2,0.059,31.8,0.091,0.0,,0.4033,-0.0598,0.0312,3.0,0.0,0.0,0.175,0.179,0.197,66.4,0.0389,0.4783,31.0,0.0,8/10,0.581,3.38,"{'min_similarity': 0.53, 'candidate_similarity': 0.6, 'candidate_margin': 0.05, 'duplicate_similarity': 0.93, 'history_min_similarity': 0.53, 'label_merge_similarity': 0.75, 'label_reuse_similarity': 0.93, 'consolidate_min_similarity': 0.8, 'secondary_margin': 0.03}",56.0,0.0,,71062.0,1.0,0.0,0.38469,0.02,57.12,57.1,,,0.9928,47.0,0.0,0.0
e768_margin,stream_6,14672.0,175.0,175.0,0.0,0.0,100.0,0.0,0.0,16.94,10.08,1.21,175.0,83.8,41.0,29627.0,,30.3,-0.092,35.7,0.066,34.0,0.151,0.0,,0.395,-0.0469,0.0472,2.0,0.0,0.0,0.165,0.086,0.161,69.3,0.0345,0.4717,24.0,0.0,9/10,0.625,3.22,"{'min_similarity': 0.53, 'candidate_similarity': 0.6, 'candidate_margin': 0.05, 'duplicate_similarity': 0.93, 'history_min_similarity': 0.53, 'label_merge_similarity': 0.75, 'label_reuse_similarity': 0.93, 'consolidate_min_similarity': 0.8, 'secondary_margin': 0.03}",53.0,0.0,,67085.0,1.0,0.0,0.39026,0.03,56.15,56.1,,,0.9875,49.0,0.0,0.0
e768_margin,STREAM_PROCESS,,,,,,,,,,,,,,,,,,,,,,,,,,,,,,,,,,,,,,,,,,,,,,,,,,,,,320.3,2.02,,,,
e768_floors,stream_1,4892.0,83.0,83.0,0.0,0.0,100.0,0.0,0.0,29.39,29.39,1.57,73.0,67.0,33.0,29627.0,,36.6,-0.06,32.0,0.145,31.4,0.196,0.0,,0.418,-0.0174,0.0962,1.0,0.0,0.0,-0.03,0.109,0.132,62.8,0.0724,0.5299,8.0,0.0,6/10,0.778,1.5,"{'min_similarity': 0.53, 'candidate_similarity': 0.55, 'candidate_margin': 0.05, 'duplicate_similarity': 0.92, 'history_min_similarity': 0.53, 'label_merge_similarity': 0.7, 'label_reuse_similarity': 0.92, 'consolidate_min_similarity': 0.75, 'secondary_margin': 0.0}",14.0,0.0,,17205.0,1.0,0.0,0.35634,0.01,36.19,36.2,,,0.988,19.0,0.0,0.0
e768_floors,stream_2,9784.0,102.0,102.0,0.0,0.0,100.0,0.0,0.0,19.49,9.46,1.51,92.0,106.3,48.0,29627.0,,21.0,-0.087,26.7,0.044,40.8,0.13,11.5,0.209,0.4281,-0.0351,0.0836,0.0,0.0,0.0,0.194,0.228,0.24,75.1,0.1099,0.5601,21.0,1.0,6/10,0.795,1.67,"{'min_similarity': 0.53, 'candidate_similarity': 0.55, 'candidate_margin': 0.05, 'duplicate_similarity': 0.92, 'history_min_similarity': 0.53, 'label_merge_similarity': 0.7, 'label_reuse_similarity': 0.92, 'consolidate_min_similarity': 0.75, 'secondary_margin': 0.0}",26.0,0.0,,32386.0,0.0,0.0,0.38534,0.02,48.2,48.2,,,1.0,23.0,0.0,0.0
e768_floors,stream_3,14684.0,116.0,116.0,0.0,0.0,100.0,0.0,0.0,22.06,8.94,1.55,106.0,138.5,82.0,29627.0,,13.3,-0.127,31.6,0.078,47.1,0.15,8.0,0.223,0.4667,-0.0181,0.1021,1.0,0.0,0.0,0.261,0.298,0.284,81.7,0.108,0.5587,21.0,0.0,8/10,0.757,1.62,"{'min_similarity': 0.53, 'candidate_similarity': 0.55, 'candidate_margin': 0.05, 'duplicate_similarity': 0.92, 'history_min_similarity': 0.53, 'label_merge_similarity': 0.7, 'label_reuse_similarity': 0.92, 'consolidate_min_similarity': 0.75, 'secondary_margin': 0.0}",46.0,0.0,,58013.0,2.0,0.0,0.3874,0.03,71.78,71.8,,,0.9706,48.0,3.0,0.0
e768_floors,stream_4,14684.0,129.0,129.0,0.0,0.0,100.0,0.0,0.0,19.71,6.54,1.59,119.0,123.4,77.0,29627.0,,17.0,-0.118,31.3,0.054,45.6,0.131,6.1,0.237,0.4481,-0.0354,0.0881,2.0,0.0,0.0,0.221,0.29,0.27,84.2,0.078,0.5355,23.0,0.0,8/10,0.707,1.75,"{'min_similarity': 0.53, 'candidate_similarity': 0.55, 'candidate_margin': 0.05, 'duplicate_similarity': 0.92, 'history_min_similarity': 0.53, 'label_merge_similarity': 0.7, 'label_reuse_similarity': 0.92, 'consolidate_min_similarity': 0.75, 'secondary_margin': 0.0}",38.0,0.0,,48592.0,0.0,0.0,0.38459,0.03,66.54,66.5,,,0.9914,48.0,1.0,0.0
e768_floors,stream_5,14679.0,147.0,147.0,0.0,0.0,100.0,0.0,0.0,19.32,8.51,1.59,137.0,107.1,67.0,29627.0,,20.9,-0.096,34.8,0.056,37.8,0.087,6.5,0.07,0.4288,-0.0364,0.0468,3.0,1.0,0.0,0.195,0.206,0.221,77.8,0.0634,0.5146,34.0,0.0,8/10,0.694,2.38,"{'min_similarity': 0.53, 'candidate_similarity': 0.55, 'candidate_margin': 0.05, 'duplicate_similarity': 0.92, 'history_min_similarity': 0.53, 'label_merge_similarity': 0.7, 'label_reuse_similarity': 0.92, 'consolidate_min_similarity': 0.75, 'secondary_margin': 0.0}",42.0,0.0,,52913.0,0.0,0.0,0.38346,0.03,68.35,68.3,,,0.9922,47.0,0.0,0.0
e768_floors,stream_6,14672.0,159.0,159.0,0.0,0.0,100.0,0.0,0.0,17.36,8.97,1.64,159.0,92.3,61.0,29627.0,,18.2,-0.076,38.2,0.055,37.2,0.153,6.3,0.225,0.4157,-0.0168,0.0825,2.0,0.0,0.0,0.185,0.152,0.136,77.3,0.0349,0.4752,21.0,1.0,9/10,0.714,2.11,"{'min_similarity': 0.53, 'candidate_similarity': 0.55, 'candidate_margin': 0.05, 'duplicate_similarity': 0.92, 'history_min_similarity': 0.53, 'label_merge_similarity': 0.7, 'label_reuse_similarity': 0.92, 'consolidate_min_similarity': 0.75, 'secondary_margin': 0.0}",51.0,0.0,,64482.0,3.0,0.0,0.38928,0.03,86.85,86.8,,,0.9728,49.0,0.0,0.0
e768_floors,STREAM_PROCESS,,,,,,,,,,,,,,,,,,,,,,,,,,,,,,,,,,,,,,,,,,,,,,,,,,,,,413.6,2.02,,,,
